Arm,Tier,FeatureSet,Model,SamplingTechnique,AUC,F1@0.5,BestF1,BestThreshold,F1Gain
with PageValues,analysis-ceiling,full,KNN,base,0.7915921355428044,0.46757679180887374,0.5417721518987342,0.21,0.07419536008986044
with PageValues,analysis-ceiling,full,KNN,oversampling,0.7803553124780176,0.4946025515210991,0.5034642032332564,0.61,0.008861651712157248
with PageValues,analysis-ceiling,full,KNN,undersampling,0.8255098682557707,0.5248868778280543,0.5399515738498789,0.61,0.015064696021824586
with PageValues,analysis-ceiling,full,SVM,base,0.8849071961893659,0.5454545454545454,0.6402877697841727,0.12,0.09483322432962726
with PageValues,analysis-ceiling,full,SVM,oversampling,0.8990061400247209,0.6341991341991342,0.6407322654462243,0.61,0.006533131247090096
with PageValues,analysis-ceiling,full,SVM,undersampling,0.8913587442594287,0.6139630390143738,0.6442786069651741,0.73,0.03031556795080037
with PageValues,analysis-ceiling,full,SVM,class_weighted,0.8990965822873853,0.5902578796561605,0.6436233611442194,0.28,0.053365481488058863
with PageValues,analysis-ceiling,full,LogisticRegression,base,0.8870263086492951,0.4798598949211909,0.6310432569974554,0.22,0.15118336207626454
with PageValues,analysis-ceiling,full,LogisticRegression,oversampling,0.8957753414195416,0.6103896103896104,0.6381909547738693,0.59,0.027801344384258964
with PageValues,analysis-ceiling,full,LogisticRegression,undersampling,0.8942127001035061,0.5981688708036622,0.6271186440677966,0.6,0.028949773264134393
with PageValues,analysis-ceiling,full,LogisticRegression,class_weighted,0.8963883389776004,0.6100966702470462,0.6428571428571429,0.58,0.032760472610096736
with PageValues,analysis-ceiling,full,RandomForest,base,0.9182433349076987,0.6285714285714286,0.6706161137440758,0.33,0.042044685172647256
with PageValues,analysis-ceiling,full,RandomForest,oversampling,0.9189800625056526,0.6684073107049608,0.6684073107049608,0.5,0.0
with PageValues,analysis-ceiling,full,RandomForest,undersampling,0.9190033011425873,0.6196377502383222,0.6627358490566038,0.68,0.04309809881828153
with PageValues,analysis-ceiling,full,RandomForest,class_weighted,0.92190122197546,0.6513872135102533,0.6614583333333334,0.57,0.010071119823080066
with PageValues,analysis-ceiling,full,XGBoost,base,0.9146765181738702,0.6230440967283073,0.6409966024915063,0.21,0.017952505763198956
with PageValues,analysis-ceiling,full,XGBoost,oversampling,0.917358382490378,0.6378896882494005,0.6571056062581486,0.62,0.019215918008748112
with PageValues,analysis-ceiling,full,XGBoost,undersampling,0.9150232135140839,0.5950413223140496,0.647191011235955,0.77,0.05214968892190541
with PageValues,analysis-ceiling,full,XGBoost,class_weighted,0.9138700746651125,0.6363636363636364,0.649810366624526,0.58,0.013446730260889606
with PageValues,analysis-ceiling,top10,KNN,base,0.8506427681361859,0.5906432748538012,0.6044340723453909,0.21,0.013790797491589735
with PageValues,analysis-ceiling,top10,KNN,oversampling,0.8369822180462462,0.5672797676669894,0.5825027685492802,0.61,0.015223000882290783
with PageValues,analysis-ceiling,top10,KNN,undersampling,0.8719827456261117,0.5682451253481894,0.5801886792452831,0.61,0.011943553897093673
with PageValues,analysis-ceiling,top10,SVM,base,0.8879445488438463,0.5700787401574803,0.6574074074074074,0.08,0.08732866724992716
with PageValues,analysis-ceiling,top10,SVM,oversampling,0.8890172945704494,0.6373165618448637,0.6562874251497006,0.75,0.018970863304836882
with PageValues,analysis-ceiling,top10,SVM,undersampling,0.8877850187416467,0.6297071129707112,0.6447058823529411,0.7,0.014998769382229882
with PageValues,analysis-ceiling,top10,SVM,class_weighted,0.8908587995297003,0.6186666666666667,0.6547192353643967,0.33,0.03605256869772999
with PageValues,analysis-ceiling,top10,LogisticRegression,base,0.891662730753384,0.4858156028368794,0.6361386138613861,0.2,0.15032301102450674
with PageValues,analysis-ceiling,top10,LogisticRegression,oversampling,0.8981356332465759,0.6179401993355482,0.6431372549019608,0.62,0.025197055566412607
with PageValues,analysis-ceiling,top10,LogisticRegression,undersampling,0.8976633236526615,0.6124197002141327,0.6412776412776413,0.58,0.028857941063508585
with PageValues,analysis-ceiling,top10,LogisticRegression,class_weighted,0.8979522364361728,0.6186252771618626,0.6430446194225722,0.63,0.02441934226070963
with PageValues,analysis-ceiling,top10,RandomForest,base,0.9102065349559345,0.6277777777777778,0.6545454545454545,0.36,0.026767676767676774
with PageValues,analysis-ceiling,top10,RandomForest,oversampling,0.9065517882445158,0.6437659033078881,0.6453143534994069,0.44,0.0015484501915188353
with PageValues,analysis-ceiling,top10,RandomForest,undersampling,0.911780481554803,0.6,0.6465408805031446,0.78,0.046540880503144644
with PageValues,analysis-ceiling,top10,RandomForest,class_weighted,0.9124110651083799,0.6449359720605355,0.6510416666666666,0.6,0.006105694606131085
with PageValues,analysis-ceiling,top10,XGBoost,base,0.9158642009426092,0.6108786610878661,0.6382978723404256,0.34,0.027419211252559417
with PageValues,analysis-ceiling,top10,XGBoost,oversampling,0.9087224025484619,0.6231386025200458,0.6452476572958501,0.71,0.02210905477580427
with PageValues,analysis-ceiling,top10,XGBoost,undersampling,0.9077281657304218,0.5996309963099631,0.6419161676646706,0.84,0.04228517135470755
with PageValues,analysis-ceiling,top10,XGBoost,class_weighted,0.9139781029232948,0.6490218642117376,0.6495925494761351,0.52,0.0005706852643975191
telemetry only,production,full,KNN,base,0.6407181115655556,0.18761726078799248,0.3261538461538461,0.01,0.13853658536585364
telemetry only,production,full,KNN,oversampling,0.6230466983549557,0.30522088353413657,0.32595325953259535,0.01,0.020732375998458785
telemetry only,production,full,KNN,undersampling,0.6789682798886556,0.35169210351692104,0.35169210351692104,0.41,0.0
telemetry only,production,full,SVM,base,0.6920754991910443,0.04,0.3696529459241324,0.15,0.3296529459241324
telemetry only,production,full,SVM,oversampling,0.7292070725849403,0.3880597014925373,0.39096267190569745,0.6,0.002902970413160122
telemetry only,production,full,SVM,undersampling,0.733954035232286,0.37748798901853126,0.3935483870967742,0.57,0.016060398078242943
telemetry only,production,full,SVM,class_weighted,0.7351976163439218,0.03526448362720403,0.39323126510878326,0.18,0.35796678148157923
telemetry only,production,full,LogisticRegression,base,0.7263141763222156,0.054455445544554455,0.39123630672926446,0.18,0.33678086118471
telemetry only,production,full,LogisticRegression,oversampling,0.7282586849695009,0.3745727956254272,0.38996763754045305,0.55,0.015394841915025825
telemetry only,production,full,LogisticRegression,undersampling,0.722389987036609,0.3724320742213386,0.3838383838383838,0.6,0.011406309617045196
telemetry only,production,full,LogisticRegression,class_weighted,0.7280627267337278,0.37397260273972605,0.38875878220140514,0.54,0.014786179461679094
telemetry only,production,full,RandomForest,base,0.7447618856206851,0.14316702819956617,0.40408805031446543,0.19,0.26092102211489926
telemetry only,production,full,RandomForest,oversampling,0.7508397312859885,0.2727272727272727,0.40860215053763443,0.27,0.13587487781036173
telemetry only,production,full,RandomForest,undersampling,0.7564100953663414,0.4011026878015162,0.40714285714285714,0.59,0.00604016934134094
telemetry only,production,full,RandomForest,class_weighted,0.7446683030016782,0.3268698060941828,0.397196261682243,0.32,0.07032645558806017
telemetry only,production,full,XGBoost,base,0.7432092934449459,0.21153846153846154,0.3992707383773929,0.19,0.18773227683893137
telemetry only,production,full,XGBoost,oversampling,0.7312081076463909,0.3843843843843844,0.38461538461538464,0.46,0.00023100023100025568
telemetry only,production,full,XGBoost,undersampling,0.7281669865642995,0.3728813559322034,0.3758503401360544,0.63,0.0029689842038509995
telemetry only,production,full,XGBoost,class_weighted,0.7285124257619761,0.38979591836734695,0.3902439024390244,0.52,0.00044798407167745413
telemetry only,production,top10,KNN,base,0.6389073820984615,0.20976491862567812,0.33018273471959675,0.01,0.12041781609391863
telemetry only,production,top10,KNN,oversampling,0.6313856005868698,0.32145684877276326,0.33040201005025127,0.01,0.008945161277488012
telemetry only,production,top10,KNN,undersampling,0.669040357347429,0.33620119126406356,0.33620119126406356,0.41,0.0
telemetry only,production,top10,SVM,base,0.6497642220458041,0.010282776349614395,0.2777988614800759,0.15,0.2675160851304615
telemetry only,production,top10,SVM,oversampling,0.7229144265458091,0.37329504666188085,0.4004474272930649,0.69,0.027152380631184025
telemetry only,production,top10,SVM,undersampling,0.7210452864507442,0.37180373185901866,0.3862332695984704,0.64,0.014429537739451714
telemetry only,production,top10,SVM,class_weighted,0.7243401483253108,0.0,0.39228295819935693,0.27,0.39228295819935693
telemetry only,production,top10,LogisticRegression,base,0.7186146506416375,0.04987531172069826,0.39050131926121373,0.19,0.3406260075405155
telemetry only,production,top10,LogisticRegression,oversampling,0.7198682808935696,0.3685636856368564,0.3904674610449129,0.57,0.021903775408056547
telemetry only,production,top10,LogisticRegression,undersampling,0.7195090241279859,0.3684210526315789,0.3898781630740394,0.59,0.02145711044246046
telemetry only,production,top10,LogisticRegression,class_weighted,0.7197213122167399,0.3652410047522064,0.38833181403828626,0.57,0.023090809286079872
telemetry only,production,top10,RandomForest,base,0.6929403533277728,0.21678321678321677,0.36202307009760426,0.2,0.1452398533143875
telemetry only,production,top10,RandomForest,oversampling,0.6888522374410869,0.2672292545710267,0.36330935251798563,0.27,0.09608009794695893
telemetry only,production,top10,RandomForest,undersampling,0.7051588517852297,0.3611302549965541,0.37407711238720265,0.59,0.012946857390648547
telemetry only,production,top10,RandomForest,class_weighted,0.6932361748952377,0.3245192307692308,0.35964912280701755,0.34,0.03512989203778677
telemetry only,production,top10,XGBoost,base,0.7237799087538062,0.201980198019802,0.38288288288288286,0.14,0.18090268486308086
telemetry only,production,top10,XGBoost,oversampling,0.701536764779773,0.33904761904761904,0.35774865073245954,0.39,0.018701031684840497
telemetry only,production,top10,XGBoost,undersampling,0.714696742068716,0.37491479209270623,0.37544107268877913,0.52,0.0005262805960729033
telemetry only,production,top10,XGBoost,class_weighted,0.7098241651676699,0.3572744014732965,0.3727338651196519,0.35,0.01545946364635542
